<?xml version="1.0" encoding="UTF-8"?>
<project-private xmlns="http://www.netbeans.org/ns/project-private/1">
    <editor-bookmarks xmlns="http://www.netbeans.org/ns/editor-bookmarks/1"/>
    <open-files xmlns="http://www.netbeans.org/ns/projectui-open-files/1">
        <file>file:/C:/handson2/development/javainterface/samples/MyOnlineShopUsingAbstractClass/src/myonlineshop/Book.java</file>
        <file>file:/C:/handson2/development/javainterface/samples/MyOnlineShopUsingAbstractClass/src/myonlineshop/Electronics.java</file>
        <file>file:/C:/handson2/development/javainterface/samples/MyOnlineShopUsingAbstractClass/src/myonlineshop/MP3Player.java</file>
        <file>file:/C:/handson2/development/javainterface/samples/MyOnlineShopUsingAbstractClass/src/myonlineshop/Main.java</file>
        <file>file:/C:/handson2/development/javainterface/samples/MyOnlineShopUsingAbstractClass/src/myonlineshop/Product.java</file>
        <file>file:/C:/handson2/development/javainterface/samples/MyOnlineShopUsingAbstractClass/src/myonlineshop/TV.java</file>
    </open-files>
</project-private>
