<?xml version="1.0" encoding="UTF-8"?>
<project-private xmlns="http://www.netbeans.org/ns/project-private/1">
    <data xmlns="http://www.netbeans.org/ns/profiler/1" version="0.4"/>
    <editor-bookmarks xmlns="http://www.netbeans.org/ns/editor-bookmarks/1"/>
    <open-files xmlns="http://www.netbeans.org/ns/projectui-open-files/1">
        <file>file:/C:/handson2/development/nbprofilermemory/samples/memoryleak/build.xml</file>
        <file>file:/C:/handson2/development/nbprofilermemory/samples/memoryleak/src/java/demo/MemoryLeak.java</file>
        <file>file:/C:/handson2/development/nbprofilermemory/samples/memoryleak/src/java/demo/memoryleak/LeakThread.java</file>
        <file>file:/C:/handson2/development/nbprofilermemory/samples/memoryleak/web/WEB-INF/sun-web.xml</file>
    </open-files>
</project-private>
