<?xml version="1.0" encoding="UTF-8"?>
<project-private xmlns="http://www.netbeans.org/ns/project-private/1">
    <editor-bookmarks xmlns="http://www.netbeans.org/ns/editor-bookmarks/1"/>
    <open-files xmlns="http://www.netbeans.org/ns/projectui-open-files/1">
        <file>file:/C:/handson2/development/javase6script/samples/InvokeScriptFile/F1.js</file>
        <file>file:/C:/handson2/development/javase6script/samples/InvokeScriptFile/src/Main.java</file>
        <file>file:/C:/handson2/development/javase6script/samples/InvokeScriptFile/src/newproperties.properties</file>
    </open-files>
</project-private>
