<?xml version="1.0" encoding="UTF-8"?>
<project-private xmlns="http://www.netbeans.org/ns/project-private/1">
    <editor-bookmarks xmlns="http://www.netbeans.org/ns/editor-bookmarks/1"/>
    <open-files xmlns="http://www.netbeans.org/ns/projectui-open-files/1">
        <file>file:/C:/handson2/development/javaserialization/samples/SerializeObjectReaderWriter/src/MyExternalObject.java</file>
        <file>file:/C:/handson2/development/javaserialization/samples/SerializeObjectReaderWriter/src/MyInternalObject.java</file>
        <file>file:/C:/handson2/development/javaserialization/samples/SerializeObjectReaderWriter/src/MySerialObject.java</file>
        <file>file:/C:/handson2/development/javaserialization/samples/SerializeObjectReaderWriter/src/MyVersionObject.java</file>
        <file>file:/C:/handson2/development/javaserialization/samples/SerializeObjectReaderWriter/src/SerializeObjectReaderWriter.java</file>
    </open-files>
</project-private>
