<?xml version="1.0" encoding="UTF-8"?>
<project-private xmlns="http://www.netbeans.org/ns/project-private/1">
    <editor-bookmarks xmlns="http://www.netbeans.org/ns/editor-bookmarks/1"/>
    <open-files xmlns="http://www.netbeans.org/ns/projectui-open-files/1">
        <file>file:/C:/handson2/development/javainterface/samples/MyOnlineShopUsingInterface/src/myonlineshopusinginterface/Book.java</file>
        <file>file:/C:/handson2/development/javainterface/samples/MyOnlineShopUsingInterface/src/myonlineshopusinginterface/Electronics.java</file>
        <file>file:/C:/handson2/development/javainterface/samples/MyOnlineShopUsingInterface/src/myonlineshopusinginterface/ElectronicsInterface.java</file>
        <file>file:/C:/handson2/development/javainterface/samples/MyOnlineShopUsingInterface/src/myonlineshopusinginterface/MP3Player.java</file>
        <file>file:/C:/handson2/development/javainterface/samples/MyOnlineShopUsingInterface/src/myonlineshopusinginterface/Main.java</file>
        <file>file:/C:/handson2/development/javainterface/samples/MyOnlineShopUsingInterface/src/myonlineshopusinginterface/Product.java</file>
        <file>file:/C:/handson2/development/javainterface/samples/MyOnlineShopUsingInterface/src/myonlineshopusinginterface/ProductInterface.java</file>
        <file>file:/C:/handson2/development/javainterface/samples/MyOnlineShopUsingInterface/src/myonlineshopusinginterface/TV.java</file>
    </open-files>
</project-private>
