<?xml version="1.0" encoding="UTF-8"?>
<project-private xmlns="http://www.netbeans.org/ns/project-private/1">
    <editor-bookmarks xmlns="http://www.netbeans.org/ns/editor-bookmarks/1"/>
    <open-files xmlns="http://www.netbeans.org/ns/projectui-open-files/1">
        <file>file:/C:/handson2/development/javajdbc/samples/JDBCSamples/src/BatchUpdate.java</file>
        <file>file:/C:/handson2/development/javajdbc/samples/JDBCSamples/src/CreateCoffees.java</file>
        <file>file:/C:/handson2/development/javajdbc/samples/JDBCSamples/src/CreateSuppliers.java</file>
        <file>file:/C:/handson2/development/javajdbc/samples/JDBCSamples/src/ForeignKeysCoffees.java</file>
        <file>file:/C:/handson2/development/javajdbc/samples/JDBCSamples/src/GetParamMetaData.java</file>
        <file>file:/C:/handson2/development/javajdbc/samples/JDBCSamples/src/InsertCoffees.java</file>
        <file>file:/C:/handson2/development/javajdbc/samples/JDBCSamples/src/InsertSuppliers.java</file>
        <file>file:/C:/handson2/development/javajdbc/samples/JDBCSamples/src/Join.java</file>
        <file>file:/C:/handson2/development/javajdbc/samples/JDBCSamples/src/PrimaryKeysSuppliers.java</file>
        <file>file:/C:/handson2/development/javajdbc/samples/JDBCSamples/src/PrintColumns.java</file>
        <file>file:/C:/handson2/development/javajdbc/samples/JDBCSamples/src/SQLStatement.java</file>
        <file>file:/C:/handson2/development/javajdbc/samples/JDBCSamples/src/ScrollableResultSet.java</file>
        <file>file:/C:/handson2/development/javajdbc/samples/JDBCSamples/src/TableTypes.java</file>
        <file>file:/C:/handson2/development/javajdbc/samples/JDBCSamples/src/TransactionPairs.java</file>
        <file>file:/C:/handson2/development/javajdbc/samples/JDBCSamples/src/TypeConcurrency.java</file>
        <file>file:/C:/handson2/development/javajdbc/samples/JDBCSamples/src/TypeInfo.java</file>
    </open-files>
</project-private>
