<?xml version="1.0" encoding="UTF-8"?>
<!DOCTYPE properties SYSTEM "http://java.sun.com/dtd/properties.dtd">
<properties>
<comment></comment>
<entry key="presets.cpupart.profiler.settings.istrumentation.root.methods-0">demo.Performance,processRequest,(Ljavax/servlet/http/HttpServletRequest;Ljavax/servlet/http/HttpServletResponse;)V</entry>
<entry key="presets.cpufragment.profiler.settings.fragment.selection"></entry>
<entry key="presets.cpupart.profiler.settings.instrumentation.root.methods.size">1</entry>
</properties>
