<?xml version="1.0" encoding="UTF-8"?>
<project-private xmlns="http://www.netbeans.org/ns/project-private/1">
    <editor-bookmarks xmlns="http://www.netbeans.org/ns/editor-bookmarks/1"/>
    <open-files xmlns="http://www.netbeans.org/ns/projectui-open-files/1">
        <file>file:/C:/handson2/development/javainheritance/samples/MyOverridingMethodsExample/src/myoverridingmethodsexample/Animal.java</file>
        <file>file:/C:/handson2/development/javainheritance/samples/MyOverridingMethodsExample/src/myoverridingmethodsexample/Cat.java</file>
        <file>file:/C:/handson2/development/javainheritance/samples/MyOverridingMethodsExample/src/myoverridingmethodsexample/OverridingMethods.java</file>
    </open-files>
</project-private>
